spec,term,estimate,se,p_value,n,int_term,q_bh
pm25:asthma_hosp_rate:treated_any,treated_any,-1.7317821414813563,0.08369002170445812,9.869898984428309e-95,191149,FALSE,NA
pm25:asthma_hosp_rate:treated_any,pm25_z,0.4059814444701625,0.015439854020897084,2.2839218016060533e-151,191149,FALSE,NA
pm25:asthma_hosp_rate:treated_heat_wave,treated_heat_wave,0.8654310385966751,0.0323995543208053,4.1645610895177717e-156,191149,FALSE,NA
pm25:asthma_hosp_rate:treated_heat_wave,pm25_z,0.44151707476070196,0.015014479909139452,1.7374708230157815e-188,191149,FALSE,NA
pm25:asthma_hosp_rate:treated_heat_wave,treated_heat_wave:pm25_z,-0.2822911075092095,0.018642301405580698,1.1005046679546684e-51,191149,TRUE,2.2010093359093368e-51
pm25:asthma_hosp_rate:treated_uri_final,pm25_z,0.4164334192531018,0.015875430724507065,1.173434187913816e-150,191149,FALSE,NA
pm25:asthma_hosp_rate:treated_ida,treated_idaTRUE,-1.7317821414813563,0.08369002170445812,9.869898984428309e-95,191149,FALSE,NA
pm25:asthma_hosp_rate:treated_ida,pm25_z,0.4059814444701625,0.015439854020897084,2.2839218016060533e-151,191149,FALSE,NA
pm25:asthma_hosp_rate:treated_psps,pm25_z,0.4164334192531018,0.015875430724507065,1.173434187913816e-150,191149,FALSE,NA
pm25:asthma_ed_rate:treated_any,treated_any,-2.3570118788193364,0.4200808255585846,2.0246156793614932e-8,165401,FALSE,NA
pm25:asthma_ed_rate:treated_any,pm25_z,2.245749643987604,0.0769007429678053,8.128864003535596e-186,165401,FALSE,NA
pm25:asthma_ed_rate:treated_heat_wave,treated_heat_wave,1.5084203895609731,0.13674393009207486,2.934036524228806e-28,165401,FALSE,NA
pm25:asthma_ed_rate:treated_heat_wave,pm25_z,2.381009867389147,0.06556691761067095,8.571851256017106e-285,165401,FALSE,NA
pm25:asthma_ed_rate:treated_heat_wave,treated_heat_wave:pm25_z,-0.6626163876617259,0.09124722726312312,3.87959319547051e-13,165401,TRUE,4.655511834564611e-13
pm25:asthma_ed_rate:treated_uri_final,pm25_z,2.263185691108023,0.07765468133959952,4.4166223685245896e-185,165401,FALSE,NA
pm25:asthma_ed_rate:treated_ida,treated_idaTRUE,-2.3570118788193364,0.4200808255585846,2.0246156793614932e-8,165401,FALSE,NA
pm25:asthma_ed_rate:treated_ida,pm25_z,2.245749643987604,0.0769007429678053,8.128864003535596e-186,165401,FALSE,NA
pm25:asthma_ed_rate:treated_psps,pm25_z,2.263185691108023,0.07765468133959952,4.4166223685245896e-185,165401,FALSE,NA
pm25:places_asthma_prev:treated_any,treated_any,-0.21827897505365929,0.008774110654154623,4.868519024336557e-136,271389,FALSE,NA
pm25:places_asthma_prev:treated_any,pm25_z,0.06724072631579547,0.001898914187705942,2.5920640645928765e-272,271389,FALSE,NA
pm25:places_asthma_prev:treated_any,treated_any:pm25_z,0.20746250868288044,0.010426502566985792,7.341781814317294e-88,271389,TRUE,2.2025345442951883e-87
pm25:places_asthma_prev:treated_heat_wave,treated_heat_wave,0.019707009758999843,0.005635576337517542,4.709920007879487e-4,271389,FALSE,NA
pm25:places_asthma_prev:treated_heat_wave,pm25_z,0.07437938286340057,0.002014472519815041,1.1551337828051477e-295,271389,FALSE,NA
pm25:places_asthma_prev:treated_heat_wave,treated_heat_wave:pm25_z,-0.025359153048837568,0.0030474062872126416,8.830999817078904e-17,271389,TRUE,1.3246499725618355e-16
pm25:places_asthma_prev:treated_uri_final,treated_uri_finalTRUE,-0.17030204420409836,0.010290827106828649,2.1150521171873667e-61,271389,FALSE,NA
pm25:places_asthma_prev:treated_uri_final,pm25_z,0.06918690929155327,0.0019183392608861415,2.520821095979265e-282,271389,FALSE,NA
pm25:places_asthma_prev:treated_ida,treated_idaTRUE,-0.3530400115218413,0.021695303647617598,1.9690542183812573e-59,271389,FALSE,NA
pm25:places_asthma_prev:treated_ida,pm25_z,0.07022297688733956,0.0019279071527697875,7.179768369087919e-288,271389,FALSE,NA
pm25:places_asthma_prev:treated_psps,treated_pspsTRUE,-0.21662083511986413,0.014455955340404029,1.0986310002076052e-50,271389,FALSE,NA
pm25:places_asthma_prev:treated_psps,pm25_z,0.06847751548811208,0.0019340481614577131,2.9567027498891948e-272,271389,FALSE,NA
ozone:asthma_hosp_rate:treated_any,treated_any,-1.7977330343447584,0.08552356565387446,1.1120846882647366e-97,191149,FALSE,NA
ozone:asthma_hosp_rate:treated_any,ozone_z,-0.5968070506440762,0.01827371111108359,1.4627196160744577e-231,191149,FALSE,NA
ozone:asthma_hosp_rate:treated_heat_wave,treated_heat_wave,1.0470717331172654,0.033344651144146566,2.1571341512825263e-214,191149,FALSE,NA
ozone:asthma_hosp_rate:treated_heat_wave,ozone_z,-0.683760221809171,0.02016058548393037,2.3592353784974626e-249,191149,FALSE,NA
ozone:asthma_hosp_rate:treated_heat_wave,treated_heat_wave:ozone_z,-0.01726068993913682,0.006971077563875517,0.01328796752539162,191149,TRUE,0.01328796752539162
ozone:asthma_ed_rate:treated_any,treated_any,-2.7154674849041993,0.4317154588798973,3.2035959258546307e-10,165401,FALSE,NA
ozone:asthma_ed_rate:treated_any,ozone_z,-2.7257376428311404,0.09945190278545682,4.368341506702888e-164,165401,FALSE,NA
ozone:asthma_ed_rate:treated_heat_wave,treated_heat_wave,2.1240060338000193,0.13503683605218228,1.3254180269887078e-55,165401,FALSE,NA
ozone:asthma_ed_rate:treated_heat_wave,ozone_z,-2.8374223997255155,0.10401143163678575,1.364249699465962e-162,165401,FALSE,NA
ozone:asthma_ed_rate:treated_heat_wave,treated_heat_wave:ozone_z,0.8355609446560625,0.0294811910812438,3.1342988278612526e-175,165401,TRUE,1.8805792967167515e-174
