spec,term,estimate,se,t_stat,p_value,n_obs
A_any_geoid_year,treated_any,0.2393944252955863,0.076878024350742,3.1139513185639736,0.001847174387499998,118679
A_any_state_year,treated_any,1.0575753371949503,0.9606069686149499,1.1009448939557602,0.27677494405209085,123839
B_per_event,treated_uri,0.08006429583700747,0.04018413624594498,1.9924354065240566,0.04632942481855044,118679
B_per_event,treated_ida,1.4462223383683426,0.2333769175649621,6.196938212476718,5.807725570155888e-10,118679
B_per_event,treated_psps,0.67200666603497,0.0638837764001552,10.51920697088498,7.558446365053141e-26,118679
C_treated_x_extreme_heat_days,treated_any,0.10068890618143156,0.12053346968334294,0.8353605554204518,0.4035192317488454,118679
C_treated_x_extreme_heat_days,extreme_heat_days_z,-0.3378209458307203,0.012137224039791509,-27.83346049501805,4.8825612852332307e-169,118679
C_treated_x_extreme_heat_days,treated_any:extreme_heat_days_z,1.1144900241506779,0.17999744281399024,6.191699208207054,6.003957572779573e-10,118679
C_treated_x_avg_energy_burden.x,treated_any,0.2962077369052061,0.07992878707439498,3.705895557122693,2.1090103698850942e-4,118679
C_treated_x_avg_energy_burden.x,avg_energy_burden.x_z,-1.6862278664448687,0.10172586749032445,-16.576195495263313,1.587425941516974e-61,118679
C_treated_x_avg_energy_burden.x,treated_any:avg_energy_burden.x_z,1.4089413610917307,0.20888516595922846,6.745052261713678,1.548446326184697e-11,118679
C_treated_x_saidi,treated_any,0.06218131727440021,0.07032628133148543,0.884183211412905,0.3766021127726058,118679
C_treated_x_saidi,saidi_z,0.0498530737731642,0.012948659893744979,3.850056622249101,1.1825617148845251e-4,118679
C_treated_x_saidi,treated_any:saidi_z,0.43331768963977196,0.05165038704391095,8.389437416439566,5.026874517474132e-17,118679
C_treated_x_saifi,treated_any,-0.026142583300833855,0.06489069158622268,-0.4028710846161538,0.6870450059290072,118679
C_treated_x_saifi,saifi_z,-0.01967832207066076,0.00888609989338897,-2.214506060786119,0.026799050613669648,118679
C_treated_x_saifi,treated_any:saifi_z,0.6381619676138901,0.06012155710291127,10.614528271806659,2.7431428789640556e-26,118679
C_treated_x_dr_total,treated_any,0.05671258719650274,0.05688081119585276,0.997042517576432,0.318749312380245,118679
C_treated_x_dr_total,dr_total_z,-0.23556328871864451,0.013881496262260054,-16.96958917599365,2.203338114625595e-64,118679
C_treated_x_dr_total,treated_any:dr_total_z,-0.7283133389422474,0.08644222038464609,-8.425435345152364,3.700501025942756e-17,118679
C_heat_and_burden,treated_any,-0.11918161868678315,0.11602006250464605,-1.0272500817003998,0.30430832366613136,118679
C_heat_and_burden,extreme_heat_days_z,-0.3334736504000021,0.012050525105927017,-27.672955947453612,3.914323705365781e-167,118679
C_heat_and_burden,avg_energy_burden.x_z,-1.7094959618335925,0.10165258357034589,-16.81704391360189,2.877198531289254e-63,118679
C_heat_and_burden,treated_any:extreme_heat_days_z,2.061356298539288,0.17850269843815678,11.548039982451336,8.359497535386475e-31,118679
C_heat_and_burden,treated_any:avg_energy_burden.x_z,1.5106117533809478,0.18974494903557987,7.961275180493404,1.7429492259461213e-15,118679
D_urban_rural_code_Q1,treated_any,0.8449480781767571,0.13340106239179442,6.333893171668851,2.4362514653297056e-10,57544
D_urban_rural_code_Q2,treated_any,-0.2007131820423318,0.06359158896089417,-3.1562850578519264,0.0016003069317153304,52009
D_urban_rural_code_Q3,treated_any,-1.517669314324931,0.21207267459045376,-7.156364285289432,1.1308597581469073e-12,9034
D_avg_energy_burden.x_Q1,treated_any,0.24035442928277134,0.1395489461982844,1.7223664945577801,0.08504391928753521,24769
D_avg_energy_burden.x_Q2,treated_any,-0.045876461907387076,0.135482686097972,-0.3386149420909199,0.7349098194682804,23811
D_avg_energy_burden.x_Q3,treated_any,-0.2614857161820052,0.15342467741221755,-1.7043263221564546,0.08838207126034962,14034
D_avg_energy_burden.x_Q4,treated_any,0.32405481860928675,0.24956201116826124,1.2984941782297166,0.19414839726035157,22903
D_overall_health_burden_Q1,treated_any,0.09799514709132932,0.08154062187686292,1.2017954344193609,0.2294530053880102,74922
D_overall_health_burden_Q2,treated_any,NA,NA,NA,NA,12420
E_continuous_log_cd,log_outage_cd,-0.03918980432754654,0.004831885417496774,-8.110665080267852,5.162333032042148e-16,118679
E_continuous_x_heat,log_outage_cd,0.038985504890028055,0.004933357778306079,7.902428050416839,2.7979128075415205e-15,118679
E_continuous_x_heat,extreme_heat_days_z,3.9122954962517795,0.07727223689054546,50.63002772643253,0,118679
E_continuous_x_heat,log_outage_cd:extreme_heat_days_z,-0.3797765372008408,0.006825885041517377,-55.63769897836097,0,118679
E_continuous_x_burden,log_outage_cd,-0.06160451353855258,0.005176316729110215,-11.901225671162148,1.3076088385136754e-32,118679
E_continuous_x_burden,avg_energy_burden.x_z,3.127676944149213,0.26596498415979714,11.75973203401107,7.019057439801169e-32,118679
E_continuous_x_burden,log_outage_cd:avg_energy_burden.x_z,-0.28357715432794983,0.016275152090527108,-17.42393267667249,9.140995072349574e-68,118679
G_state_x_year_FE,treated_any,-0.11853119133490245,0.06867341905722596,-1.7260126692706201,0.08435209832403681,118679
G_county_x_year_FE,treated_any,NA,NA,NA,NA,118679
