"event","event_year","ref_k","term","estimate","se","p_value","k_char","k","ci_lo","ci_hi"
"uri",2021,-1,"evt_m3",1.10656854752114,0.474313582162778,0.0200770702685893,"m3",-3,0.176913926482097,2.03622316856019
"uri",2021,-1,"evt_m2",0.715305132721145,0.435279796326168,0.100996538416339,"m2",-2,-0.137843268078145,1.56845353352044
"uri",2021,-1,"reference",0,0,NA,"ref",-1,0,0
"uri",2021,-1,"evt_p0",-0.281471614436766,0.535702645618307,0.599539783994659,"p0",0,-1.33144879984865,0.768505570975117
"uri",2021,-1,"evt_p1",-0.0272667517821433,0.396040454126598,0.945140079250013,"p1",1,-0.803506041870276,0.74897253830599
"uri",2021,-1,"evt_p2",-0.695684447653124,0.492624344160891,0.158564080365687,"p2",2,-1.66122816220847,0.269859266902222
"ida",2021,-1,"evt_m3",-3.54535448135715,1.54569606618409,0.0222561082456515,"m3",-3,-6.57491877107798,-0.51579019163633
"ida",2021,-1,"evt_m2",-2.16314992537612,1.63350228464309,0.186077920146991,"m2",-2,-5.36481440327657,1.03851455252433
"ida",2021,-1,"reference",0,0,NA,"ref",-1,0,0
"ida",2021,-1,"evt_p0",0.579290982726635,1.5031035631502,0.700120990229031,"p0",0,-2.36679200104775,3.52537396650102
"ida",2021,-1,"evt_p1",1.57272319595412,1.69627265079592,0.354325408477536,"p1",1,-1.75197119960588,4.89741759151412
"ida",2021,-1,"evt_p2",1.99986688414621,1.10715117879131,0.071519313424396,"p2",2,-0.170149426284755,4.16988319457719
"harvey",2017,1,"reference",0,0,NA,"ref",1,0,0
"harvey",2017,1,"evt_p2",0.955421231524027,0.489183423596014,0.051411758880354,"p2",2,-0.00337827872415997,1.91422074177221
"harvey",2017,1,"evt_p3",0.188458906748421,1.05639549737111,0.858488572554759,"p3",3,-1.88207626809895,2.25899408159579
"harvey",2017,1,"evt_p4",2.82334343011523,2.91521811440858,0.333309200690545,"p4",4,-2.89048407412558,8.53717093435604
"harvey",2017,1,"evt_p5",4.41776952980105,2.14521231639311,0.0400193605721396,"p5",5,0.213153389670555,8.62238566993154
"harvey",2017,1,"evt_p6",6.13446794994603,2.35158763373741,0.00938463499448308,"p6",6,1.52535618782071,10.7435797120713
