"event","n_treat","estimate","se","p_value","n_obs","q_bh","sig_fdr_10","sig_fdr_05"
"severe_ice_storm_2020",9,-2.61331837014947,0.213219867768706,4.24828847340521e-30,2248,6.37243271010782e-29,TRUE,TRUE
"hurricane_2022",96,-1.18027923664496,0.337623827090386,0.000518188852368227,2248,0.0038864163927617,TRUE,TRUE
"hurricane_ida_2021",50,3.15355895191219,1.18504687859807,0.0080591918767302,2248,0.0279414945474524,TRUE,TRUE
"severe_ice_storm_2021",86,2.75336638447281,1.05441283239974,0.00931383151581745,2248,0.0279414945474524,TRUE,TRUE
"winter_storm_uri_2021",99,-0.886187959642361,0.33445373438296,0.00833357581699232,2248,0.0279414945474524,TRUE,TRUE
"hurricane_2021",201,1.89152195549069,0.880463271458996,0.0322070898389637,2248,0.0805177245974093,TRUE,FALSE
"hurricane_2019",163,1.78666086251775,0.926707764910816,0.0544719507097166,2248,0.106304704643706,FALSE,FALSE
"biological_2020",1574,0.934671969395845,0.489245325019907,0.056695842476643,2248,0.106304704643706,FALSE,FALSE
"severe_storm_2019",72,4.10797525043764,2.84463281843873,0.149384585114407,2248,0.22407687767161,FALSE,FALSE
"fire_2020",55,-0.792260904616541,0.540417715223878,0.143324254131069,2248,0.22407687767161,FALSE,FALSE
"hurricane_2020",208,0.834265310645474,0.68296211850405,0.222504706722341,2248,0.303415509166829,FALSE,FALSE
"tornado_2021",8,-0.726969908049263,0.800054465575979,0.364008374945238,2248,0.455010468681547,FALSE,FALSE
"severe_storm_2021",6,-0.942853225154685,1.18487683085124,0.426592150180718,2248,0.492221711746982,FALSE,FALSE
"severe_storm_2020",32,-0.307909602113302,1.21200643274709,0.799570359921056,2248,0.856682528486845,FALSE,FALSE
"flood_2019",46,-0.0882343617962537,0.993620651803069,0.929278659542649,2248,0.929278659542649,FALSE,FALSE
"severe_storm_2015",36,NA,NA,NA,2248,NA,NA,NA
"flood_2016",30,NA,NA,NA,2248,NA,NA,NA
"snowstorm_2016",17,NA,NA,NA,2248,NA,NA,NA
"hurricane_2017",72,NA,NA,NA,2248,NA,NA,NA
"hurricane_harvey_2017",26,NA,NA,NA,2248,NA,NA,NA
"hurricane_irma_2017",118,NA,NA,NA,2248,NA,NA,NA
"flood_2018",46,NA,NA,NA,2248,NA,NA,NA
"hurricane_2018",162,NA,NA,NA,2248,NA,NA,NA
"hurricane_michael_2018",94,NA,NA,NA,2248,NA,NA,NA
