spec,moderator,term,estimate,se,p_value,n_obs,q_bh,sig_fdr_10
burden_break,res_storage_count,treated_any:burden_z:res_storage_count_z,-0.29242348782431854,0.07953820520682421,2.3671981447725925e-4,118679,4.916488454527692e-4,TRUE
burden_break,res_storage_kwh,treated_any:burden_z:res_storage_kwh_z,-0.36440551202350363,0.14381436860616859,0.011284783563327213,118679,0.01692717534499082,TRUE
burden_break,bess_plant_count,treated_any:burden_z:bess_plant_count_z,4.728545586371728,1.3039656088359903,2.8785459250910475e-4,118679,5.551481426961306e-4,TRUE
burden_break,bess_capacity_mw,treated_any:burden_z:bess_capacity_mw_z,-0.038628594715304665,0.24204834606989808,0.8732044608536123,118679,0.8732044608536123,FALSE
burden_break,bess_capacity_mwh,treated_any:burden_z:bess_capacity_mwh_z,-1.3125142644998906,0.32575017133254863,5.60590018480304e-5,118679,1.513593049896821e-4,TRUE
burden_break,bess_operating_mw,treated_any:burden_z:bess_operating_mw_z,0.04311791200874926,0.24153250011584418,0.858316958923045,118679,0.8732044608536123,FALSE
burden_break,bess_operating_mwh,treated_any:burden_z:bess_operating_mwh_z,-1.2433211616947677,0.3249204872357073,1.301353016107216e-4,118679,2.928044286241236e-4,TRUE
burden_break,bess_any_storage,treated_any:burden_z:bess_any_storage_z,2.1695098497702405,0.3932499383824321,3.470085129408424e-8,118679,1.338461407057535e-7,TRUE
burden_break,nem_storage_installations,treated_any:burden_z:nem_storage_installations_z,2.943533322813539,0.5783871879212797,3.610255164313484e-7,118679,1.2184611179558008e-6,TRUE
burden_break,nem_storage_capacity_mw,treated_any:burden_z:nem_storage_capacity_mw_z,2.3095304048167877,0.9261297979958788,0.012643989438026696,118679,0.01796777446456425,TRUE
burden_break,nem_virtual_capacity_mw,treated_any:burden_z:nem_virtual_capacity_mw_z,59.50213805279827,8.081503855794374,1.8326970350721772e-13,118679,1.2370704986737197e-12,TRUE
burden_break,nem_virtual_customers,treated_any:burden_z:nem_virtual_customers_z,30.129452859725653,4.45397982260772,1.3532047567512104e-11,118679,6.089421405380447e-11,TRUE
burden_break,dg_storage_capacity_kw,treated_any:burden_z:dg_storage_capacity_kw_z,-0.4544884660060976,0.048766077876180654,1.217736154321566e-20,118679,3.287887616668228e-19,TRUE
burden_break,cs_total_projects,treated_any:burden_z:cs_total_projects_z,4.609534594333098,7.074096629093512,0.5146577687040399,118679,0.5789899897920449,FALSE
burden_break,cs_total_capacity_mw,treated_any:burden_z:cs_total_capacity_mw_z,-0.9985734284894567,0.3402034690986793,0.003334777802400938,118679,0.005804526313174156,TRUE
burden_break,cs_lmi_projects,treated_any:burden_z:cs_lmi_projects_z,-0.6923498558898276,0.17504608799621474,7.65755674337099e-5,118679,1.8795821097365159e-4,TRUE
burden_break,uspvdb_cumulative_plants,treated_any:burden_z:uspvdb_cumulative_plants_z,-0.7715514356526096,0.5592367069365544,0.16770110780091962,118679,0.2263964955312415,FALSE
burden_break,uspvdb_cumulative_mw_dc,treated_any:burden_z:uspvdb_cumulative_mw_dc_z,-0.21828802846272902,0.07461319711304691,0.003439719296695796,118679,0.005804526313174156,TRUE
burden_break,dp_tou_res,treated_any:burden_z:dp_tou_res_z,1.0414011843694209,0.39470342382850265,0.008331759846167998,118679,0.013232795049796232,TRUE
burden_break,dp_rtp_res,treated_any:burden_z:dp_rtp_res_z,-1.0562396163748051,0.2337841293852591,6.258369131852411e-6,118679,1.8775107395557232e-5,TRUE
burden_break,ami_penetration_pct,treated_any:burden_z:ami_penetration_pct_z,-0.18027502922156058,0.3169906888614348,0.5695574361532372,118679,0.6151220310454962,FALSE
burden_break,grid_solar_pct,treated_any:burden_z:grid_solar_pct_z,-1.1734301139167167,0.16858471182372953,3.43820531726258e-12,118679,1.856630871321793e-11,TRUE
burden_break,pv_capacity_mw_total,treated_any:burden_z:pv_capacity_mw_total_z,-1.0342077306001625,0.1156391698513819,3.9155643469397105e-19,118679,5.286011868368609e-18,TRUE
burden_break,dr_total,treated_any:burden_z:dr_total_z,-0.17600435855150187,0.22252691190552745,0.4289860594180369,118679,0.5035923306211738,FALSE
burden_break,ami_total,treated_any:burden_z:ami_total_z,-3.4511906337944325,0.44348848430864096,7.297377383043806e-15,118679,6.567639644739425e-14,TRUE
burden_break,der_count,treated_any:burden_z:der_count_z,0.20054109234760453,0.1998232875783601,0.31558069228924696,118679,0.38730357690043943,FALSE
burden_break,der_diversity,treated_any:burden_z:der_diversity_z,0.20054109234760453,0.1998232875783601,0.31558069228924696,118679,0.38730357690043943,FALSE
